First Name,Last Name,Age,State
Sophia,Smith,28,Hawaii
Emma,Nguyen,57,Kentucky
Noah,Williams,82,South Carolina
Liam,Brown,42,Tennessee
Elena,Morgan,69,Arizona
Levi,Torres,59,West Virginia
Lila,Peterson,38,Missouri
Daniel,Gray,23,New Jersey
Luna,Ramirez,71,District of Columbia
Oscar,James,32,Guam
Scarlett,Kimura,63,Northern Mariana Islands
Dominic,Johnson,71,Ohio
Victoria,Kelly,41,American Samoa
Evelyn,Sanders,75,Puerto Rico
Micah,Price,27,Oregon
Grace,Bennett,66,Virginia
Xavier,Wood,35,Texas
Audrey,Barnes,45,Kansas
Isabella,Ross,60,Michigan
Landon,Henderson,80,Indiana
Madelyn,Coleman,53,Wisconsin
Nathan,Jenkins,18,California
Rose,Perry,56,Arkansas
Jeremiah,Powell,25,Kentucky
Stella,Long,39,South Dakota
Jacob,Patterson,66,North Carolina
Samantha,Hughes,50,Louisiana
Anthony,Flores,21,New Mexico
Zoe,Washington,52,Connecticut
Samuel,Parker,35,Pennsylvania
Layla,Cooper,62,Vermont
David,Richardson,45,Maryland
Bella,Cox,92,Nebraska
Dominic,Howard,95,Iowa
Julia,Ward,94,Georgia
John,Mitchell,93,Tennessee
Penelope,Perez,96,Mississippi
Jonathan,Sanchez,97,Ohio
Hannah,Mitchell,98,Montana
Colton,Wright,99,Illinois
Katherine,Nelson,100,Washington
Miles,Collins,56,Wyoming
Leah,Reyes,25,New York
Clara,Campbell,39,Utah
Luke,Flores,66,Missouri
Violet,Parker,50,Colorado
Connor,Thao,21,Nevada
Elizabeth,Bryant,52,Maine
Isaac,Hall,35,Oklahoma
Anna,Ward,62,Alabama
Andrew,Owens,44,Minnesota
Addison,Garrett,46,Idaho
Molly,Banks,55,Oregon
Gabriel,Freeman,66,West Virginia
Lucy,Murray,28,New Hampshire
Jonathan,Dixon,38,Arizona
Isaac,Harvey,52,South Carolina
,,22,
,,85,
,,66,
,,18,
,,,
,Jacobs,,Alaska
,Suarez,,Alaska
,Nunez,,Alaska
